<?xml version="1.0" encoding="UTF-8"?>
<!DOCTYPE mapper PUBLIC "-//mybatis.org//DTD Mapper 3.0//EN" "http://mybatis.org/dtd/mybatis-3-mapper.dtd">
<mapper namespace="me.bbs.mapper.PostMapper">

    <update id="update" parameterType="me.bbs.pojo.Post">
        UPDATE post
        <set>
            <if test="title != null">
                title = #{title},
            </if>
            <if test="content != null">
                content = #{content},
            </if>
            <if test="authorId != null">
                authorId = #{authorId},
            </if>
            <if test="categoryId != null">
                categoryId = #{categoryId},
            </if>
            <if test="viewsCount != null">
                viewsCount = #{viewsCount},
            </if>
            <if test="status != null">
                status = #{status},
            </if>
        </set>
        WHERE id = #{id}
    </update>

    <select id="queryPosts" parameterType="me.bbs.pojo.PostQueryRequest" resultType="me.bbs.pojo.Post">
        SELECT * FROM post
        <where>

            <if test="title != null and title != ''">
                AND title LIKE concat('%','${title}','%')
            </if>
            <if test="authorId != null">
                AND authorId = #{authorId}
            </if>
            <if test="categoryId != null">
                AND categoryId = #{categoryId}
            </if>
            <if test="createdAtStart != null">
                AND createdAt &gt;= #{createdAtStart}
            </if>
            <if test="createdAtEnd != null">
                AND createdAt &lt;= #{createdAtEnd}
            </if>
            <if test="updatedAtStart != null">
                AND updatedAt &gt;= #{updatedAtStart}
            </if>
            <if test="updatedAtEnd != null">
                AND updatedAt &lt;= #{updatedAtEnd}
            </if>
            <if test="viewsCountMin != null">
                AND viewsCount &gt;= #{viewsCountMin}
            </if>
            <if test="viewsCountMax != null">
                AND viewsCount &lt;= #{viewsCountMax}
            </if>
            <if test="status != null and status != ''">
                AND status = #{status}
            </if>
        </where>
        ORDER BY id
    </select>

</mapper>